seed,controller,start_coverage_pct,final_coverage_pct,coverage_gain_pp,coverage_auc,incremental_redundancy,unique_new_cells,hold_steps,safety_overrides,goal_changes,allocation_rounds,min_separation_px,hybrid_agreements,hybrid_overrides,hybrid_fallbacks
420001,Classical,79.96830581077093,98.57395226030951,18.605646449538582,16221.473290141732,0.2254405087934172,1109242,53,22,50,42,128.00390619039717,0,0,0
420001,Learned,79.96830581077093,96.53265315466561,16.56434734389467,16265.18176464902,0.2282578516452296,956170,53,46,113,45,132.80060240827223,0,0,0
420001,Hybrid,79.96830581077093,97.13200655250654,17.1637007417356,16313.702395124286,0.23424747574853091,1050833,77,25,114,45,130.034610777285,167,0,13
420002,Classical,79.96830581077093,95.66214401269802,15.69383820192709,15753.264870323455,0.26806638873142413,1020030,61,47,47,42,130.96946208945045,0,0,0
420002,Learned,79.96830581077093,95.68122157443301,15.712915763662084,16057.539134438304,0.29852909203810846,896947,21,22,104,39,128.3160161476345,0,0,0
420002,Hybrid,79.96830581077093,98.49204592859397,18.523740117823028,16230.965521758595,0.31455324713456145,1008517,38,16,101,40,130.96946208945045,149,0,11
420003,Classical,79.96830581077093,98.81299410884894,18.844688298078005,16282.661103649667,0.24613373832082486,1125312,67,10,55,42,131.8256424221024,0,0,0
420003,Learned,79.96830581077093,98.12524800830256,18.156942197531624,16081.514001658474,0.2730056520741986,909760,34,31,101,42,129.29423807734048,0,0,0
420003,Hybrid,79.96830581077093,97.23381714029892,17.265511329527993,16298.739895251465,0.26704199156775643,1049859,93,11,118,42,128.5496013218244,161,1,6
420004,Classical,79.96830581077093,97.51228594975734,17.543980138986402,16264.051260136543,0.2679253605257059,1175094,54,26,49,41,128.5496013218244,0,0,0
420004,Learned,79.96830581077093,96.88806812978846,16.91976231901753,16132.567941556528,0.33311065820659297,843563,31,45,106,43,131.8256424221024,0,0,0
420004,Hybrid,79.96830581077093,97.28348239268236,17.315176581911416,16462.468458431264,0.3325576797527391,938508,47,18,91,41,132.90974381135493,160,0,4
420005,Classical,79.96830581077093,98.13084409307815,18.162538282307217,16374.718001841622,0.2744226415503103,1071730,48,52,46,40,130.034610777285,0,0,0
420005,Learned,79.96830581077093,96.24496352370197,16.27665771293103,16052.066131731837,0.24002852697095436,996353,41,28,99,40,130.96946208945045,0,0,0
420005,Hybrid,79.96830581077093,97.32564380411668,17.357337993345745,16274.34420881536,0.28390185081408786,943054,25,25,117,42,129.29423807734048,166,0,2
